hora_del_dia,SLA_Promedio,AHT_Promedio,CSAT_Promedio,Inflow_Total
19,0.7509392857142857,7.209042189387638,2.4932509244736925,14834
17,0.6945964285714286,6.798612888513572,2.4766240721346384,12068
18,0.7694357142857143,7.33981537708567,2.5146177757235555,12304
4,0.8347035714285714,8.524268083677763,2.385246499532214,612
21,0.6749821428571429,6.682604944259231,2.4987211730094856,15149
